{
    "2c5ca1adb9f4333c.jpg": [],
    "6463145caf94b8a6.jpg": [
        {
            "box": [
                -103,
                132,
                854,
                902
            ],
            "class": "Mobile_phone",
            "score": 0.7412915825843811
        }
    ],
    "7408fef212a5d3bc.jpg": [],
    "af3afc5e442f53cb.jpg": [
        {
            "box": [
                16,
                19,
                991,
                655
            ],
            "class": "Pen",
            "score": 0.926503598690033
        }
    ],
    "f207be09b7dca992.jpg": [],
    "698182dd474aa21e.jpg": [
        {
            "box": [
                356,
                108,
                653,
                558
            ],
            "class": "Human_face",
            "score": 0.9702094197273254
        }
    ],
    "a52f6f3295c54667.jpg": [],
    "0b05d537aac2b09a.jpg": [
        {
            "box": [
                136,
                161,
                353,
                319
            ],
            "class": "Human_face",
            "score": 0.9356811046600342
        },
        {
            "box": [
                519,
                129,
                747,
                378
            ],
            "class": "Human_face",
            "score": 0.964932382106781
        }
    ]
}